{"cameraMode":{"drawMode":0,"name":"Shaded","section":"Shading Mode"},"sceneLighting":false,"audioPlay":false,"sceneViewState":{"showFog":true,"showMaterialUpdate":false,"showSkybox":false,"showFlares":true,"showImageEffects":true,"showParticleSystems":true},"in2DMode":false,"pivot":{"x":5.960464477539063e-8,"y":0.5000001192092896,"z":0.0},"rotation":{"x":-0.3030707538127899,"y":0.46760791540145876,"z":-0.17457671463489533,"w":-0.8117985725402832},"size":0.8660287261009216,"orthographic":false}